"","Preffered_Vcmax.9.comps"
"(Intercept)",14.9085079276058
"Wave_500",50.9733297471054
"Wave_501",46.4499585259322
"Wave_502",44.992865213366
"Wave_503",47.5100657084124
"Wave_504",48.1557540615033
"Wave_505",43.8514362769663
"Wave_506",41.2289773512632
"Wave_507",37.0696110687235
"Wave_508",35.6951665598459
"Wave_509",34.783648166436
"Wave_510",31.4291686280274
"Wave_511",31.1974859064716
"Wave_512",28.6095911621981
"Wave_513",25.4461009467851
"Wave_514",24.5679220037707
"Wave_515",20.6526035204259
"Wave_516",16.2275640361045
"Wave_517",16.5618000754312
"Wave_518",15.4008778299482
"Wave_519",13.3208869092694
"Wave_520",16.6007889213
"Wave_521",15.9368385697708
"Wave_522",13.9154679981691
"Wave_523",16.0233695721586
"Wave_524",17.4965520980695
"Wave_525",18.5679556708943
"Wave_526",19.0558582858424
"Wave_527",20.7509542234194
"Wave_528",22.7498667690462
"Wave_529",24.1422017979033
"Wave_530",25.3315900565013
"Wave_531",28.2951565465782
"Wave_532",30.2658184156727
"Wave_533",31.8399021068648
"Wave_534",33.3236438526322
"Wave_535",33.9176689325089
"Wave_536",34.9687880576934
"Wave_537",36.2847143038797
"Wave_538",36.7690322490007
"Wave_539",37.9552293718659
"Wave_540",36.7703656869128
"Wave_541",36.9179012266344
"Wave_542",36.0207897372345
"Wave_543",34.7435520021156
"Wave_544",35.0570440707132
"Wave_545",35.573268585691
"Wave_546",34.9870041581811
"Wave_547",34.1324099996764
"Wave_548",35.812402561078
"Wave_549",35.574762967333
"Wave_550",33.4455877777332
"Wave_551",33.1988465685984
"Wave_552",32.9382358393819
"Wave_553",31.272725610797
"Wave_554",30.6889958932109
"Wave_555",28.3258848786026
"Wave_556",23.8326541908056
"Wave_557",18.8161496700543
"Wave_558",16.7745751466629
"Wave_559",15.8020256539774
"Wave_560",12.3598759703315
"Wave_561",10.4878719719417
"Wave_562",9.27091806727729
"Wave_563",9.51614025403425
"Wave_564",9.91875745865854
"Wave_565",11.1754262349253
"Wave_566",12.9742665152642
"Wave_567",13.4322936980927
"Wave_568",12.6128082150835
"Wave_569",12.6455478657618
"Wave_570",12.4883147375221
"Wave_571",10.2163507021228
"Wave_572",8.62695480202499
"Wave_573",7.0294251851326
"Wave_574",6.14322004958954
"Wave_575",4.60896611919786
"Wave_576",3.2367241742817
"Wave_577",3.63823420827376
"Wave_578",3.71841824006692
"Wave_579",0.865116057408982
"Wave_580",-0.0341201910093247
"Wave_581",-0.102515120699055
"Wave_582",-0.522380517766154
"Wave_583",-0.27550022092046
"Wave_584",0.703841389924952
"Wave_585",1.79175504976317
"Wave_586",1.72291324968566
"Wave_587",2.6651492284883
"Wave_588",3.49358443073851
"Wave_589",3.36514236321882
"Wave_590",6.56726366418451
"Wave_591",8.96357986213643
"Wave_592",8.81198265105864
"Wave_593",10.4712812726042
"Wave_594",13.4120144750166
"Wave_595",15.130666529102
"Wave_596",16.5898578207375
"Wave_597",17.8025449489149
"Wave_598",19.2148151922913
"Wave_599",21.1939842208927
"Wave_600",20.5062257154558
"Wave_601",18.8499661078625
"Wave_602",18.6007055649584
"Wave_603",17.891650790508
"Wave_604",17.6642804751894
"Wave_605",15.5496620200045
"Wave_606",12.2203588076518
"Wave_607",9.99230649516624
"Wave_608",6.99457552230754
"Wave_609",3.5954170711572
"Wave_610",1.64085397405981
"Wave_611",0.177848703846591
"Wave_612",-3.27080883652594
"Wave_613",-6.54163967345267
"Wave_614",-7.64860259312173
"Wave_615",-6.83818032347632
"Wave_616",-8.50015919473811
"Wave_617",-10.4020689610886
"Wave_618",-10.8680547358559
"Wave_619",-11.6921400631888
"Wave_620",-12.2947898717207
"Wave_621",-12.7529881927306
"Wave_622",-14.1616538455157
"Wave_623",-15.0774576397591
"Wave_624",-15.0920833123829
"Wave_625",-14.9823993173745
"Wave_626",-16.7380652838282
"Wave_627",-17.6366513595673
"Wave_628",-18.1325313758103
"Wave_629",-17.924442828469
"Wave_630",-18.3849452138113
"Wave_631",-18.6392872495095
"Wave_632",-17.1286812885138
"Wave_633",-16.7773718740949
"Wave_634",-15.5490179245026
"Wave_635",-11.9360548131062
"Wave_636",-9.99942321379589
"Wave_637",-8.58897399551413
"Wave_638",-3.94809236586007
"Wave_639",0.239067810427445
"Wave_640",3.97045509459303
"Wave_641",7.04646964360764
"Wave_642",11.5324224813147
"Wave_643",15.02687634749
"Wave_644",17.5330247846819
"Wave_645",20.1306754323157
"Wave_646",21.5149021128246
"Wave_647",22.4078159685955
"Wave_648",22.8003597853438
"Wave_649",22.191740180833
"Wave_650",20.7743595292972
"Wave_651",19.610718963942
"Wave_652",18.9088417306963
"Wave_653",17.4896280317665
"Wave_654",15.5613987191761
"Wave_655",13.9673066996605
"Wave_656",11.5339997864102
"Wave_657",8.88765251847316
"Wave_658",7.25922600175969
"Wave_659",5.5472299131044
"Wave_660",5.0687650047793
"Wave_661",4.92457579473066
"Wave_662",4.21058329125224
"Wave_663",3.65236434856305
"Wave_664",3.00618904837594
"Wave_665",2.71637595110587
"Wave_666",2.84893175849562
"Wave_667",2.68386159832892
"Wave_668",3.16203226377692
"Wave_669",2.68129180701693
"Wave_670",1.72291079647287
"Wave_671",1.494549469791
"Wave_672",-0.476386494689005
"Wave_673",-3.16281591083128
"Wave_674",-3.72780246890235
"Wave_675",-4.24220655621646
"Wave_676",-5.45084155163833
"Wave_677",-7.19430357426289
"Wave_678",-7.15729599123539
"Wave_679",-8.81707324177655
"Wave_680",-12.5743828756114
"Wave_681",-15.4303733096254
"Wave_682",-18.3968638059738
"Wave_683",-21.9476321851403
"Wave_684",-25.4124686403975
"Wave_685",-30.0877538932153
"Wave_686",-36.1362380878289
"Wave_687",-42.626906304507
"Wave_688",-50.6739338937265
"Wave_689",-59.5953526051095
"Wave_690",-69.7665704035412
"Wave_691",-81.1093729737345
"Wave_692",-92.5789719303637
"Wave_693",-105.919585651073
"Wave_694",-119.894069198994
"Wave_695",-133.707179206755
"Wave_696",-146.802102760572
"Wave_697",-160.372289983293
"Wave_698",-172.990218941193
"Wave_699",-182.609528809524
"Wave_700",-192.181438234434
"Wave_701",-198.998367955456
"Wave_702",-201.468515575748
"Wave_703",-201.861073069379
"Wave_704",-198.574263509129
"Wave_705",-191.646613119579
"Wave_706",-182.235116742711
"Wave_707",-169.448402247079
"Wave_708",-154.074126145013
"Wave_709",-137.368097992038
"Wave_710",-119.013986056908
"Wave_711",-98.8387999055717
"Wave_712",-79.1134460417114
"Wave_713",-59.261174236923
"Wave_714",-39.1850057418814
"Wave_715",-19.7255939027132
"Wave_716",-0.0272672832109127
"Wave_717",18.8838672484874
"Wave_718",36.1343189258757
"Wave_719",51.7823784353137
"Wave_720",66.2695276603639
"Wave_721",79.5402727906804
"Wave_722",91.3570178725108
"Wave_723",102.296499962242
"Wave_724",109.787723470842
"Wave_725",114.488802671646
"Wave_726",118.298070553536
"Wave_727",120.148804412829
"Wave_728",120.319477429908
"Wave_729",119.64675689501
"Wave_730",116.067085388397
"Wave_731",111.111218498305
"Wave_732",105.959384870483
"Wave_733",99.8264857848786
"Wave_734",93.8442216263491
"Wave_735",86.4073004965004
"Wave_736",77.6725825365135
"Wave_737",69.5255149226523
"Wave_738",60.8604892747206
"Wave_739",52.4128266662519
"Wave_740",45.0806848767549
"Wave_741",37.1245676669228
"Wave_742",28.8276572619486
"Wave_743",22.4524526700933
"Wave_744",16.3408400964563
"Wave_745",10.2595888423715
"Wave_746",4.02821154767297
"Wave_747",-1.17251056621853
"Wave_748",-5.99098197992405
"Wave_749",-10.3719841292671
"Wave_750",-13.8930532122514
"Wave_751",-17.8282251645266
"Wave_752",-20.7865378699741
"Wave_753",-22.3548900927546
"Wave_754",-24.7034764094157
"Wave_755",-27.1390038393614
"Wave_756",-28.923307199582
"Wave_757",-29.9595112330066
"Wave_758",-31.3435151271409
"Wave_759",-33.9216563318931
"Wave_760",-35.7307841449853
"Wave_761",-36.5222807286323
"Wave_762",-36.8821916269517
"Wave_763",-36.7335189298284
"Wave_764",-36.3178940542548
"Wave_765",-35.7905215730435
"Wave_766",-34.7916364344668
"Wave_767",-32.9638580448283
"Wave_768",-32.189102002057
"Wave_769",-32.1873749654769
"Wave_770",-31.5489127550349
"Wave_771",-30.3880949537059
"Wave_772",-29.1429016103384
"Wave_773",-29.5393039123625
"Wave_774",-29.5885447771618
"Wave_775",-28.7920250808903
"Wave_776",-27.6821948171678
"Wave_777",-27.0479427142296
"Wave_778",-26.433697866346
"Wave_779",-25.6576338962866
"Wave_780",-25.4364811267954
"Wave_781",-25.5742279129098
"Wave_782",-25.5982088724877
"Wave_783",-24.7763517659757
"Wave_784",-23.9814102657324
"Wave_785",-24.0823931930944
"Wave_786",-23.4960966236834
"Wave_787",-22.9335809486243
"Wave_788",-24.0951452036763
"Wave_789",-24.349028758005
"Wave_790",-23.5773555269838
"Wave_791",-23.1160815373165
"Wave_792",-22.5876315362046
"Wave_793",-22.5508804442947
"Wave_794",-22.0562037132554
"Wave_795",-21.1087000101282
"Wave_796",-21.3710319905645
"Wave_797",-20.6383368407266
"Wave_798",-20.0765456079242
"Wave_799",-21.4323104792925
"Wave_800",-21.0903470873613
"Wave_801",-20.6646720375502
"Wave_802",-20.8675106178672
"Wave_803",-20.3643906120168
"Wave_804",-19.557357868419
"Wave_805",-20.1271080002294
"Wave_806",-20.4280188995586
"Wave_807",-20.636002144674
"Wave_808",-20.259259694158
"Wave_809",-19.2264850404908
"Wave_810",-19.2178454147192
"Wave_811",-19.3469023696208
"Wave_812",-18.623944148825
"Wave_813",-18.9749635350895
"Wave_814",-20.7612867377682
"Wave_815",-20.6024032135156
"Wave_816",-19.0369264055182
"Wave_817",-18.263335152535
"Wave_818",-18.0568733828265
"Wave_819",-17.6528912788434
"Wave_820",-17.3772795255594
"Wave_821",-16.7028002828358
"Wave_822",-17.2439761555708
"Wave_823",-18.7767468923204
"Wave_824",-20.5272649074123
"Wave_825",-20.6169796001719
"Wave_826",-20.2221476819031
"Wave_827",-20.7720516170309
"Wave_828",-19.8211614343405
"Wave_829",-18.9636535866809
"Wave_830",-19.3482645130037
"Wave_831",-18.3217494204854
"Wave_832",-17.8874161919642
"Wave_833",-18.8360067083487
"Wave_834",-19.9886750532351
"Wave_835",-19.3031094272335
"Wave_836",-18.9095632963116
"Wave_837",-19.5271658872778
"Wave_838",-19.720237310724
"Wave_839",-19.8216539452472
"Wave_840",-19.4920870056054
"Wave_841",-19.5693702993104
"Wave_842",-20.3938897058364
"Wave_843",-20.349215006467
"Wave_844",-20.5341296978953
"Wave_845",-21.1617415397342
"Wave_846",-21.385852315782
"Wave_847",-21.2739104523564
"Wave_848",-21.3650163000615
"Wave_849",-21.0798515324033
"Wave_850",-21.4053082373818
"Wave_851",-21.2692347591218
"Wave_852",-21.3014179894341
"Wave_853",-21.7545707684084
"Wave_854",-22.3116704920083
"Wave_855",-22.7797268431228
"Wave_856",-21.9830395394383
"Wave_857",-20.9354357840823
"Wave_858",-21.8747520361876
"Wave_859",-23.2105109723433
"Wave_860",-22.5286954777621
"Wave_861",-21.6387113637648
"Wave_862",-21.0915223927129
"Wave_863",-20.2343053768356
"Wave_864",-20.9881969010672
"Wave_865",-21.0180389085167
"Wave_866",-21.0587194743571
"Wave_867",-21.8920418687981
"Wave_868",-22.0614514957159
"Wave_869",-22.4074482628517
"Wave_870",-21.9864153737312
"Wave_871",-23.0190947871621
"Wave_872",-23.4462482145651
"Wave_873",-21.7327145440996
"Wave_874",-21.4794140294247
"Wave_875",-21.5260441895369
"Wave_876",-20.5946624517822
"Wave_877",-19.5700231269304
"Wave_878",-18.8363224252875
"Wave_879",-17.9200375373396
"Wave_880",-16.9360822343627
"Wave_881",-15.3825242384844
"Wave_882",-15.207055807035
"Wave_883",-14.3725586761311
"Wave_884",-14.4721005247589
"Wave_885",-14.4135983387817
"Wave_886",-15.1731276848681
"Wave_887",-15.1105168124938
"Wave_888",-14.048814799724
"Wave_889",-14.6564400521813
"Wave_890",-15.3409229721802
"Wave_891",-14.3899701232665
"Wave_892",-13.380398783538
"Wave_893",-12.5349995004233
"Wave_894",-13.0066173010912
"Wave_895",-12.995965667014
"Wave_896",-11.8766412305998
"Wave_897",-10.5238515790065
"Wave_898",-9.46428062015467
"Wave_899",-9.26760224583054
"Wave_900",-9.56350050566903
"Wave_901",-9.94787351155829
"Wave_902",-10.0897732645372
"Wave_903",-10.5708162204991
"Wave_904",-9.75348184829739
"Wave_905",-8.80479338681704
"Wave_906",-7.81528005541374
"Wave_907",-6.96908569265382
"Wave_908",-6.60143986922352
"Wave_909",-6.61526855667075
"Wave_910",-6.36066637832372
"Wave_911",-6.17022304833733
"Wave_912",-5.90412018659039
"Wave_913",-5.48038659861505
"Wave_914",-4.97977682657623
"Wave_915",-5.23250830438154
"Wave_916",-5.91498200365442
"Wave_917",-5.72999878446868
"Wave_918",-4.42697388016551
"Wave_919",-4.61499229977779
"Wave_920",-4.54675062287398
"Wave_921",-3.70597196255403
"Wave_922",-4.32381620422739
"Wave_923",-3.98395182651401
"Wave_924",-4.32200415598908
"Wave_925",-3.27248647339999
"Wave_926",-1.65724047164413
"Wave_927",-2.46338068883874
"Wave_928",-2.48104062290669
"Wave_929",-1.42950025555703
"Wave_930",0.120857461696539
"Wave_931",0.251979512752491
"Wave_932",0.173521341246328
"Wave_933",0.451827705570776
"Wave_934",0.762834636508939
"Wave_935",1.59698616501531
"Wave_936",1.67122050242122
"Wave_937",2.15771488470387
"Wave_938",3.00041216008989
"Wave_939",2.17097817755649
"Wave_940",2.50084536168065
"Wave_941",4.56560619339115
"Wave_942",4.11286379290785
"Wave_943",4.20368032993705
"Wave_944",4.9480447471179
"Wave_945",5.0555557447347
"Wave_946",5.69454534260713
"Wave_947",5.94610000540853
"Wave_948",5.73898810594472
"Wave_949",6.59072894081603
"Wave_950",8.79987069341186
"Wave_951",12.3371953793473
"Wave_952",12.6458507448473
"Wave_953",13.3086245031582
"Wave_954",13.7579580215198
"Wave_955",12.6376645228262
"Wave_956",14.6231692069343
"Wave_957",15.7789665291588
"Wave_958",15.1729017021265
"Wave_959",16.1432627361916
"Wave_960",18.9105537369981
"Wave_961",20.315933421331
"Wave_962",20.6523870962629
"Wave_963",22.7325025405685
"Wave_964",23.6764255142745
"Wave_965",23.6555068714456
"Wave_966",23.1246616765676
"Wave_967",23.7836961100331
"Wave_968",25.6119108182854
"Wave_969",29.3753684529477
"Wave_970",29.7936224675433
"Wave_971",29.2827345301586
"Wave_972",30.3726129683472
"Wave_973",31.1731405231698
"Wave_974",32.6488776320975
"Wave_975",32.7519127074805
"Wave_976",33.9190850341016
"Wave_977",33.8127369697029
"Wave_978",33.8016480362993
"Wave_979",36.4695361620594
"Wave_980",38.3523166714916
"Wave_981",37.3604753837449
"Wave_982",34.7786150667096
"Wave_983",33.1981197000881
"Wave_984",34.2715543275925
"Wave_985",36.9956572400884
"Wave_986",37.9489528793988
"Wave_987",39.6122011829654
"Wave_988",38.6033262105354
"Wave_989",36.8670040503527
"Wave_990",39.1066488113475
"Wave_991",42.4497240171169
"Wave_992",39.9722476869285
"Wave_993",39.3301490660138
"Wave_994",41.8495004773493
"Wave_995",40.892243031578
"Wave_996",42.0449734981761
"Wave_997",43.5253242991215
"Wave_998",45.0575015559316
"Wave_999",45.2953094307882
"Wave_1000",46.9233069340062
"Wave_1001",48.8662069012584
"Wave_1002",51.1411528386177
"Wave_1003",51.9661494349274
"Wave_1004",50.2783015883834
"Wave_1005",49.7703630395039
"Wave_1006",51.9113158469402
"Wave_1007",50.057507517058
"Wave_1008",45.2187661569655
"Wave_1009",44.6069831367311
"Wave_1010",42.9194205071343
"Wave_1011",41.6641107911564
"Wave_1012",44.0752954009102
"Wave_1013",45.3439830688367
"Wave_1014",44.7726513946683
"Wave_1015",44.4194668384403
"Wave_1016",45.6977276929998
"Wave_1017",45.9528273179098
"Wave_1018",45.4702585123888
"Wave_1019",45.6114951371736
"Wave_1020",43.6550292961094
"Wave_1021",39.6357148254296
"Wave_1022",38.1523331584617
"Wave_1023",35.8856418118317
"Wave_1024",36.3721256057508
"Wave_1025",42.7462911142895
"Wave_1026",44.1159115402305
"Wave_1027",45.2574503593063
"Wave_1028",44.8427262346289
"Wave_1029",41.0777289926106
"Wave_1030",36.844022080563
"Wave_1031",35.2353603014365
"Wave_1032",34.1567519739872
"Wave_1033",31.9660857267841
"Wave_1034",30.7566032744211
"Wave_1035",30.5393014682601
"Wave_1036",30.7412489736357
"Wave_1037",31.5215522269575
"Wave_1038",33.4417847614003
"Wave_1039",32.8257498353328
"Wave_1040",28.8482548343559
"Wave_1041",28.0653893935907
"Wave_1042",28.9683270782617
"Wave_1043",28.2691275809791
"Wave_1044",27.500419215753
"Wave_1045",28.0155820188482
"Wave_1046",28.2267286578468
"Wave_1047",28.2503296040117
"Wave_1048",28.4040671006403
"Wave_1049",28.8162307301194
"Wave_1050",29.548136736094
"Wave_1051",29.7324115321777
"Wave_1052",29.3011801895376
"Wave_1053",30.0729456761647
"Wave_1054",30.510922424547
"Wave_1055",28.8793161622071
"Wave_1056",27.7861231187718
"Wave_1057",27.2015134354763
"Wave_1058",26.5788085155062
"Wave_1059",25.139397901428
"Wave_1060",25.173864097299
"Wave_1061",27.1938323530968
"Wave_1062",27.1138581154159
"Wave_1063",27.8187562829668
"Wave_1064",26.5958993228125
"Wave_1065",26.8274952610476
"Wave_1066",29.8298749897842
"Wave_1067",29.8386936309684
"Wave_1068",28.1796245223873
"Wave_1069",28.0640256713559
"Wave_1070",25.4401643598925
"Wave_1071",24.2732880613374
"Wave_1072",27.1323846681814
"Wave_1073",27.7540632989509
"Wave_1074",26.4760408429309
"Wave_1075",26.5881142728949
"Wave_1076",27.2582947009208
"Wave_1077",27.7369396204179
"Wave_1078",28.3317938119236
"Wave_1079",29.8408081132173
"Wave_1080",29.3390274485618
"Wave_1081",26.3895422746359
"Wave_1082",26.2405336319712
"Wave_1083",25.8782384192497
"Wave_1084",24.4951173751471
"Wave_1085",25.480806976537
"Wave_1086",25.4389118961021
"Wave_1087",22.9645169390167
"Wave_1088",22.2558588743822
"Wave_1089",23.2526362127814
"Wave_1090",22.7402022950473
"Wave_1091",23.0123140400191
"Wave_1092",20.4726595609029
"Wave_1093",19.060391068764
"Wave_1094",19.2536307545866
"Wave_1095",18.9164498803989
"Wave_1096",18.6081609863824
"Wave_1097",18.8489437587918
"Wave_1098",19.3170279278344
"Wave_1099",19.9105191337084
"Wave_1100",23.236026128285
"Wave_1101",22.5095692559064
"Wave_1102",18.4121579186486
"Wave_1103",16.625890818289
"Wave_1104",13.6438073572786
"Wave_1105",12.0503937730178
"Wave_1106",12.2411883511774
"Wave_1107",12.5613481568982
"Wave_1108",13.0726790726605
"Wave_1109",12.1809441234659
"Wave_1110",9.67196360098044
"Wave_1111",7.84606984066832
"Wave_1112",7.20760146542628
"Wave_1113",6.53675200476863
"Wave_1114",5.72071438891741
"Wave_1115",6.3221725486809
"Wave_1116",5.37994410168058
"Wave_1117",3.51114758740835
"Wave_1118",1.6434090847462
"Wave_1119",-0.712889781525248
"Wave_1120",-1.77538732517229
"Wave_1121",-2.73681853332694
"Wave_1122",-3.53808381639284
"Wave_1123",-2.53420276817896
"Wave_1124",-2.42490597815722
"Wave_1125",-3.56193040187388
"Wave_1126",-5.67231819933182
"Wave_1127",-8.20156490286453
"Wave_1128",-9.3003231373184
"Wave_1129",-10.3160255723943
"Wave_1130",-11.7186842294454
"Wave_1131",-11.5100715591565
"Wave_1132",-11.0043854444274
"Wave_1133",-12.3228510976849
"Wave_1134",-12.1746200841491
"Wave_1135",-12.1183737387005
"Wave_1136",-12.9269381179628
"Wave_1137",-12.9819616051247
"Wave_1138",-11.2115297061428
"Wave_1139",-11.4851297643345
"Wave_1140",-12.6270146216008
"Wave_1141",-12.3121674090968
"Wave_1142",-12.6123694941984
"Wave_1143",-12.3480229723195
"Wave_1144",-11.6751046207406
"Wave_1145",-11.2141449499757
"Wave_1146",-9.61062163859392
"Wave_1147",-8.3593862163609
"Wave_1148",-7.79980839674141
"Wave_1149",-6.85509490518646
"Wave_1150",-6.33776478325071
"Wave_1151",-7.33238855440578
"Wave_1152",-5.96352987661352
"Wave_1153",-3.03663723173328
"Wave_1154",-2.40824332640753
"Wave_1155",-2.08475180110647
"Wave_1156",-2.3068497891067
"Wave_1157",-2.77024287108364
"Wave_1158",-2.20881693604652
"Wave_1159",-1.00065480326802
"Wave_1160",-0.646790347631022
"Wave_1161",-0.764151421140424
"Wave_1162",-1.10382268107605
"Wave_1163",-1.07623534662269
"Wave_1164",-0.0101038827521817
"Wave_1165",0.147820913968047
"Wave_1166",-1.52283873299664
"Wave_1167",-1.84751010780069
"Wave_1168",-1.04486570712374
"Wave_1169",-1.20071437238371
"Wave_1170",-1.63154308326561
"Wave_1171",-1.74772336706869
"Wave_1172",-2.27766808586741
"Wave_1173",-3.02387383327087
"Wave_1174",-3.61701520712311
"Wave_1175",-4.10197064662179
"Wave_1176",-4.9408301590999
"Wave_1177",-5.51244420409232
"Wave_1178",-5.54821987688896
"Wave_1179",-5.4822749610326
"Wave_1180",-5.37759986871037
"Wave_1181",-5.33086766424071
"Wave_1182",-5.57317660897323
"Wave_1183",-6.17906175459753
"Wave_1184",-6.36618458533349
"Wave_1185",-6.60519597850011
"Wave_1186",-7.15424423114126
"Wave_1187",-6.93583458197259
"Wave_1188",-6.929037945897
"Wave_1189",-6.70939502609547
"Wave_1190",-7.04250395466553
"Wave_1191",-7.13777011612442
"Wave_1192",-6.75476921269767
"Wave_1193",-6.42949034309305
"Wave_1194",-6.4980158962071
"Wave_1195",-7.65674822050945
"Wave_1196",-7.11948399705618
"Wave_1197",-4.44528796924708
"Wave_1198",-3.96898422869116
"Wave_1199",-4.93770013473453
"Wave_1200",-4.80900009688078
"Wave_1201",-4.3405192429929
"Wave_1202",-4.57257510540203
"Wave_1203",-4.18778181446461
"Wave_1204",-2.87034166102918
"Wave_1205",-2.61942585128306
"Wave_1206",-4.67971391309693
"Wave_1207",-4.95230858408015
"Wave_1208",-3.87344270342647
"Wave_1209",-3.92552527906501
"Wave_1210",-4.48287129977887
"Wave_1211",-3.52823084179776
"Wave_1212",-3.21743755062566
"Wave_1213",-4.37438669439322
"Wave_1214",-4.59207370359235
"Wave_1215",-4.27018688831937
"Wave_1216",-4.70499555536261
"Wave_1217",-4.81525625288957
"Wave_1218",-5.73966205287607
"Wave_1219",-7.77732861960218
"Wave_1220",-9.11196924958633
"Wave_1221",-9.4584303688792
"Wave_1222",-9.67833864090525
"Wave_1223",-10.1581122509129
"Wave_1224",-9.87699563636416
"Wave_1225",-10.3683445045714
"Wave_1226",-11.1200349414536
"Wave_1227",-12.1729652565357
"Wave_1228",-12.6094657365402
"Wave_1229",-13.5127158633501
"Wave_1230",-14.5277145625727
"Wave_1231",-15.4727788657785
"Wave_1232",-16.6111455953446
"Wave_1233",-17.5850200157365
"Wave_1234",-18.3742151449168
"Wave_1235",-18.6653164434566
"Wave_1236",-18.3451649778944
"Wave_1237",-18.647032191605
"Wave_1238",-19.7889604624188
"Wave_1239",-21.042304299534
"Wave_1240",-22.5269490016882
"Wave_1241",-23.6104742729602
"Wave_1242",-23.8899050014461
"Wave_1243",-24.3450422169852
"Wave_1244",-25.0335668660845
"Wave_1245",-26.0079929048819
"Wave_1246",-26.5373236570286
"Wave_1247",-27.386108580297
"Wave_1248",-27.1644995948122
"Wave_1249",-27.633504316901
"Wave_1250",-28.6268708383989
"Wave_1251",-28.9522419946832
"Wave_1252",-30.2457667108034
"Wave_1253",-31.3776368085642
"Wave_1254",-30.9546343721975
"Wave_1255",-31.1452110291381
"Wave_1256",-32.6751184817002
"Wave_1257",-33.3875973944913
"Wave_1258",-32.8153284010383
"Wave_1259",-33.2673906704614
"Wave_1260",-34.4601055226724
"Wave_1261",-34.753690523447
"Wave_1262",-35.4833302958101
"Wave_1263",-36.8600740676469
"Wave_1264",-36.9412202424101
"Wave_1265",-36.8243150040477
"Wave_1266",-37.3367900407864
"Wave_1267",-38.3980673979432
"Wave_1268",-39.0749072196689
"Wave_1269",-39.3365204178473
"Wave_1270",-39.5599051550203
"Wave_1271",-40.0679746843134
"Wave_1272",-40.9547638032747
"Wave_1273",-41.1221703258311
"Wave_1274",-41.247029567299
"Wave_1275",-41.9105308246332
"Wave_1276",-41.4373097697065
"Wave_1277",-41.3161460287868
"Wave_1278",-42.3085485473349
"Wave_1279",-42.086486397872
"Wave_1280",-41.6576123876415
"Wave_1281",-41.9071592109946
"Wave_1282",-41.4650740444109
"Wave_1283",-40.4448353220263
"Wave_1284",-40.1877740160735
"Wave_1285",-40.6525217381808
"Wave_1286",-40.4866955481167
"Wave_1287",-39.7891402293061
"Wave_1288",-39.435186322402
"Wave_1289",-39.0124504698168
"Wave_1290",-38.1464044405597
"Wave_1291",-37.2210507137006
"Wave_1292",-36.8925873734914
"Wave_1293",-36.9998515726385
"Wave_1294",-37.2907914714389
"Wave_1295",-36.8199946211195
"Wave_1296",-35.9174859004196
"Wave_1297",-34.7774532806345
"Wave_1298",-32.6488443822944
"Wave_1299",-31.3772005382526
"Wave_1300",-31.9466142243639
"Wave_1301",-32.1169108429637
"Wave_1302",-30.8646341287091
"Wave_1303",-29.8779534751998
"Wave_1304",-29.4817112439415
"Wave_1305",-28.7945181836012
"Wave_1306",-28.201021837823
"Wave_1307",-27.8279179379062
"Wave_1308",-26.7507592204802
"Wave_1309",-25.5271568893753
"Wave_1310",-25.2351212894765
"Wave_1311",-25.0460622498564
"Wave_1312",-25.6178245950491
"Wave_1313",-25.1610883542073
"Wave_1314",-25.005231326372
"Wave_1315",-24.2025387343792
"Wave_1316",-22.4603152875283
"Wave_1317",-20.8765930398679
"Wave_1318",-21.2020007134639
"Wave_1319",-21.377280303219
"Wave_1320",-20.6622071110817
"Wave_1321",-20.8523905161153
"Wave_1322",-20.8473751688474
"Wave_1323",-20.1831516757697
"Wave_1324",-20.1141627843267
"Wave_1325",-19.5204085497165
"Wave_1326",-19.0840424337206
"Wave_1327",-19.4155473592604
"Wave_1328",-19.2096257432348
"Wave_1329",-19.7701409535003
"Wave_1330",-20.1479622404525
"Wave_1331",-19.1998295720383
"Wave_1332",-18.8497140353863
"Wave_1333",-18.9416620437826
"Wave_1334",-18.687373508999
"Wave_1335",-17.6548666802637
"Wave_1336",-17.3293769090297
"Wave_1337",-18.0152980972799
"Wave_1338",-17.973880091344
"Wave_1339",-17.4228529102106
"Wave_1340",-17.6873642242608
"Wave_1341",-18.3846278335466
"Wave_1342",-17.4984093946317
"Wave_1343",-16.0823239574512
"Wave_1344",-15.8683937210431
"Wave_1345",-15.6555131544305
"Wave_1346",-14.464976583662
"Wave_1347",-14.4639245293315
"Wave_1348",-16.0234111605972
"Wave_1349",-16.4882493013754
"Wave_1350",-15.6903848130419
"Wave_1351",-15.6887488136505
"Wave_1352",-16.2240772533457
"Wave_1353",-15.5841316849628
"Wave_1354",-15.068984948634
"Wave_1355",-16.0971466137783
"Wave_1356",-16.5834484338998
"Wave_1357",-16.4121723493945
"Wave_1358",-17.2087503006419
"Wave_1359",-17.9610768922414
"Wave_1360",-17.3422233745986
"Wave_1361",-17.1884616533019
"Wave_1362",-17.9171521621074
"Wave_1363",-18.066528113314
"Wave_1364",-17.6365245089113
"Wave_1365",-17.6425735120462
"Wave_1366",-17.5506043892805
"Wave_1367",-17.1002976940428
"Wave_1368",-16.7316689975313
"Wave_1369",-17.1036387233644
"Wave_1370",-17.0081096077508
"Wave_1371",-16.7707614892645
"Wave_1372",-16.7174668868339
"Wave_1373",-16.6056913015324
"Wave_1374",-16.8783152310814
"Wave_1375",-16.8137675941747
"Wave_1376",-16.9574181605616
"Wave_1377",-17.1021240423001
"Wave_1378",-17.9884204319716
"Wave_1379",-18.8130239665474
"Wave_1380",-18.5999937064882
"Wave_1381",-19.0400260532938
"Wave_1382",-19.5143830392552
"Wave_1383",-19.4865240447892
"Wave_1384",-20.8025543253782
"Wave_1385",-22.3851697559391
"Wave_1386",-24.0351203277172
"Wave_1387",-25.7634731505461
"Wave_1388",-26.0359035534007
"Wave_1389",-27.358804566479
"Wave_1390",-29.0740119107965
"Wave_1391",-29.5351436025948
"Wave_1392",-31.0667035771982
"Wave_1393",-34.148825931508
"Wave_1394",-36.4473380906716
"Wave_1395",-37.9546173937906
"Wave_1396",-39.9465234465622
"Wave_1397",-41.7600804251479
"Wave_1398",-44.1023002003485
"Wave_1399",-46.2163948317828
"Wave_1400",-47.7856093493155
"Wave_1401",-49.7472433960741
"Wave_1402",-51.0603560054606
"Wave_1403",-51.2719982071049
"Wave_1404",-51.548785703115
"Wave_1405",-51.5617607357459
"Wave_1406",-51.6397589680323
"Wave_1407",-51.2846449312469
"Wave_1408",-50.1258663375483
"Wave_1409",-49.5061809106005
"Wave_1410",-48.7653441329202
"Wave_1411",-47.4003509737951
"Wave_1412",-45.7708837033914
"Wave_1413",-44.4331409609901
"Wave_1414",-43.0777424866107
"Wave_1415",-41.3386601163916
"Wave_1416",-39.2371007332007
"Wave_1417",-37.7693290446121
"Wave_1418",-35.7681482227576
"Wave_1419",-33.3765609115956
"Wave_1420",-31.7170228069394
"Wave_1421",-30.0677615524525
"Wave_1422",-28.1182524558293
"Wave_1423",-26.3453647397514
"Wave_1424",-25.1316393983386
"Wave_1425",-23.8989762635261
"Wave_1426",-22.7695349352433
"Wave_1427",-21.3364345668603
"Wave_1428",-19.9362016721869
"Wave_1429",-18.7560025640978
"Wave_1430",-17.5407895740649
"Wave_1431",-16.1081728071966
"Wave_1432",-14.4576597473663
"Wave_1433",-13.7000024020412
"Wave_1434",-13.0895660450299
"Wave_1435",-12.1616305167457
"Wave_1436",-11.5345045061558
"Wave_1437",-10.7308475781502
"Wave_1438",-9.22196730919535
"Wave_1439",-7.72021238924059
"Wave_1440",-7.19644274786564
"Wave_1441",-6.88468148262403
"Wave_1442",-5.64633987563036
"Wave_1443",-4.65697575129093
"Wave_1444",-4.39086756860056
"Wave_1445",-3.93968482497888
"Wave_1446",-3.10319173351976
"Wave_1447",-2.53280268188998
"Wave_1448",-2.43490197636636
"Wave_1449",-2.07106759565819
"Wave_1450",-1.58039356639055
"Wave_1451",-1.30648098806293
"Wave_1452",-1.01037825500207
"Wave_1453",-0.77312980267821
"Wave_1454",-0.700997494165144
"Wave_1455",-0.613490509186488
"Wave_1456",-0.314679728000103
"Wave_1457",0.173759000553107
"Wave_1458",0.629321378645763
"Wave_1459",0.627953103908058
"Wave_1460",0.847089401805329
"Wave_1461",1.4298502542087
"Wave_1462",1.96260246624576
"Wave_1463",2.42186534890169
"Wave_1464",3.07446885540862
"Wave_1465",3.80128296065335
"Wave_1466",4.50198134438512
"Wave_1467",5.55666336582473
"Wave_1468",6.47008635212388
"Wave_1469",7.42481365545292
"Wave_1470",8.13893969631652
"Wave_1471",8.29594276990035
"Wave_1472",8.80260333172189
"Wave_1473",9.40578864555607
"Wave_1474",10.3748568316118
"Wave_1475",11.7107655220851
"Wave_1476",12.5761139613495
"Wave_1477",13.872459722851
"Wave_1478",14.1716179457117
"Wave_1479",13.8574384433386
"Wave_1480",14.4321450055691
"Wave_1481",16.0040272187878
"Wave_1482",16.7920926869912
"Wave_1483",17.1684515925946
"Wave_1484",18.0546352863032
"Wave_1485",18.3769565044187
"Wave_1486",18.5144118988614
"Wave_1487",19.3200166517013
"Wave_1488",19.9581307524005
"Wave_1489",20.0843874329096
"Wave_1490",20.762653548982
"Wave_1491",21.6744796069954
"Wave_1492",22.0075021128209
"Wave_1493",22.6561233469354
"Wave_1494",23.3529026095296
"Wave_1495",23.3765564732759
"Wave_1496",23.6648884357391
"Wave_1497",23.9751074576861
"Wave_1498",24.1779969862277
"Wave_1499",24.8432411525815
"Wave_1500",25.3509641368088
"Wave_1501",26.1129664854137
"Wave_1502",26.7551171168508
"Wave_1503",26.4033795861506
"Wave_1504",26.9637056351922
"Wave_1505",27.8796780784823
"Wave_1506",27.8224308155978
"Wave_1507",28.5965576529403
"Wave_1508",29.626218223609
"Wave_1509",29.8577965134342
"Wave_1510",30.3204153056646
"Wave_1511",31.213439940009
"Wave_1512",31.4320271607566
"Wave_1513",31.5224341036403
"Wave_1514",32.2306704668716
"Wave_1515",32.8258834827142
"Wave_1516",33.2419641681193
"Wave_1517",33.6946855123462
"Wave_1518",33.975830380536
"Wave_1519",34.2575409194735
"Wave_1520",34.0517202883118
"Wave_1521",34.4042822865067
"Wave_1522",34.8441922370248
"Wave_1523",35.1143804329763
"Wave_1524",35.713980541806
"Wave_1525",36.1960324344543
"Wave_1526",36.7575282038072
"Wave_1527",36.9334052664352
"Wave_1528",36.522911221821
"Wave_1529",36.7658117015859
"Wave_1530",37.3424606851299
"Wave_1531",37.3145489286751
"Wave_1532",36.8951143626924
"Wave_1533",36.968771383427
"Wave_1534",37.7305602930148
"Wave_1535",37.5860796512695
"Wave_1536",36.6989642378456
"Wave_1537",36.63036389988
"Wave_1538",37.4951003036017
"Wave_1539",37.3917961222219
"Wave_1540",37.4097857586759
"Wave_1541",38.5493935434433
"Wave_1542",38.5450208497748
"Wave_1543",37.4646543251403
"Wave_1544",37.1848303888668
"Wave_1545",37.6680102837888
"Wave_1546",37.6110007087036
"Wave_1547",37.1370000071624
"Wave_1548",37.0033916319027
"Wave_1549",36.7975486918652
"Wave_1550",36.2341724095251
"Wave_1551",36.2498725587469
"Wave_1552",36.8033126603629
"Wave_1553",36.8537594266734
"Wave_1554",36.3663569897536
"Wave_1555",35.7223618870437
"Wave_1556",35.0445139127996
"Wave_1557",34.7027868234453
"Wave_1558",34.9098808035669
"Wave_1559",35.0718819776619
"Wave_1560",34.7531723923117
"Wave_1561",34.6896011571309
"Wave_1562",34.745798570142
"Wave_1563",33.6080483796951
"Wave_1564",32.5597253817454
"Wave_1565",32.349082986754
"Wave_1566",31.5585022882811
"Wave_1567",30.7516379622841
"Wave_1568",30.2729873470625
"Wave_1569",30.0334348628703
"Wave_1570",29.9055243808847
"Wave_1571",29.1518066739985
"Wave_1572",28.8298433812503
"Wave_1573",29.0471329641867
"Wave_1574",28.4478535001331
"Wave_1575",27.6772849471426
"Wave_1576",27.6043143758395
"Wave_1577",27.44091822983
"Wave_1578",26.8644506385221
"Wave_1579",26.625292223128
"Wave_1580",27.091133378989
"Wave_1581",26.8225074777245
"Wave_1582",25.7738316762713
"Wave_1583",26.1661234367772
"Wave_1584",26.7358940982247
"Wave_1585",26.4762952011566
"Wave_1586",26.517507244357
"Wave_1587",26.4592678861474
"Wave_1588",26.6275093127666
"Wave_1589",26.2079353167968
"Wave_1590",25.5111705294649
"Wave_1591",25.9178119164558
"Wave_1592",25.474550828423
"Wave_1593",24.9963992390496
"Wave_1594",25.9482164980208
"Wave_1595",26.0422983795446
"Wave_1596",25.3674318809805
"Wave_1597",25.4197035486993
"Wave_1598",25.8185804177782
"Wave_1599",25.6827191974254
"Wave_1600",24.6817893962437
"Wave_1601",24.3703624659978
"Wave_1602",24.8350550195656
"Wave_1603",24.4758512763584
"Wave_1604",24.9574322676162
"Wave_1605",26.1939019190978
"Wave_1606",25.7250749185115
"Wave_1607",24.8295016032126
"Wave_1608",24.8708955043539
"Wave_1609",24.9130631956261
"Wave_1610",24.6757516576921
"Wave_1611",24.5128077434278
"Wave_1612",24.6910626420857
"Wave_1613",24.3943518069922
"Wave_1614",23.3690493965199
"Wave_1615",22.9630968336916
"Wave_1616",23.3954395935207
"Wave_1617",23.4242644170892
"Wave_1618",22.9546561376082
"Wave_1619",22.9077077100062
"Wave_1620",22.8469556149521
"Wave_1621",21.9837118843573
"Wave_1622",21.1592753013006
"Wave_1623",21.2644001658524
"Wave_1624",20.961854599744
"Wave_1625",20.7024247581919
"Wave_1626",21.579262555949
"Wave_1627",21.5624902145128
"Wave_1628",21.5281289673322
"Wave_1629",22.1221220653153
"Wave_1630",21.7641645328622
"Wave_1631",21.4401597632368
"Wave_1632",21.9479755526125
"Wave_1633",22.2879591274627
"Wave_1634",22.0525564304324
"Wave_1635",22.2967974108943
"Wave_1636",22.6212119654363
"Wave_1637",22.0348832275949
"Wave_1638",21.8629456507988
"Wave_1639",22.1668960469035
"Wave_1640",21.712211088915
"Wave_1641",21.4237874519762
"Wave_1642",21.8365927523084
"Wave_1643",21.3516336556244
"Wave_1644",20.5427429968689
"Wave_1645",20.8157788406433
"Wave_1646",21.4042836251211
"Wave_1647",21.5930359558685
"Wave_1648",20.9451845467832
"Wave_1649",19.8886103471829
"Wave_1650",19.3331814386524
"Wave_1651",18.5437876548614
"Wave_1652",17.8397141512373
"Wave_1653",17.5273672505315
"Wave_1654",15.8871770727651
"Wave_1655",14.5717946755917
"Wave_1656",14.4085783667303
"Wave_1657",13.2557760839301
"Wave_1658",11.3593757809611
"Wave_1659",10.7918690783756
"Wave_1660",10.060579185793
"Wave_1661",7.59618767512358
"Wave_1662",6.0665874005048
"Wave_1663",5.51371247061965
"Wave_1664",3.54134856852792
"Wave_1665",1.82393927743833
"Wave_1666",0.659823688070365
"Wave_1667",-2.03162539235104
"Wave_1668",-5.31354115227341
"Wave_1669",-6.63838277028698
"Wave_1670",-7.20284587040876
"Wave_1671",-9.95713833493366
"Wave_1672",-12.568357939608
"Wave_1673",-13.8075082309094
"Wave_1674",-15.9066534730699
"Wave_1675",-17.9804327573094
"Wave_1676",-18.6521908575115
"Wave_1677",-20.4346799918294
"Wave_1678",-23.0668058476706
"Wave_1679",-24.2459243290516
"Wave_1680",-25.2347657634602
"Wave_1681",-26.8655765254475
"Wave_1682",-28.0287167980509
"Wave_1683",-29.4067555429599
"Wave_1684",-30.6998088009942
"Wave_1685",-31.3641539833247
"Wave_1686",-32.168066667822
"Wave_1687",-32.7837764125102
"Wave_1688",-32.9719273805101
"Wave_1689",-33.1085009369858
"Wave_1690",-32.5038946866534
"Wave_1691",-31.5668732178594
"Wave_1692",-31.1472408940133
"Wave_1693",-30.5787543031593
"Wave_1694",-29.2333169438302
"Wave_1695",-27.4056988469445
"Wave_1696",-26.6224376149023
"Wave_1697",-26.2830098522903
"Wave_1698",-24.8708609328427
"Wave_1699",-23.3583589540772
"Wave_1700",-21.4394683350279
"Wave_1701",-19.172461106324
"Wave_1702",-17.6099568572384
"Wave_1703",-15.4304339520892
"Wave_1704",-13.5985467256555
"Wave_1705",-11.9839643502922
"Wave_1706",-9.09713698522033
"Wave_1707",-6.66757193644997
"Wave_1708",-4.65606865495246
"Wave_1709",-0.869600871331378
"Wave_1710",2.37826162798759
"Wave_1711",3.13462921272662
"Wave_1712",4.11774027978368
"Wave_1713",6.37122931911247
"Wave_1714",8.04275038643152
"Wave_1715",10.1415008563861
"Wave_1716",12.1971489188409
"Wave_1717",12.0610278438636
"Wave_1718",11.8358224397298
"Wave_1719",12.4866103696688
"Wave_1720",12.1226023372639
"Wave_1721",11.4177211612564
"Wave_1722",11.1579663784991
"Wave_1723",10.6798499957561
"Wave_1724",10.3250466164638
"Wave_1725",9.92516216308281
"Wave_1726",8.98549996909103
"Wave_1727",7.88158032934486
"Wave_1728",7.16356237688511
"Wave_1729",5.84967912296232
"Wave_1730",4.25792199678023
"Wave_1731",2.90723261772188
"Wave_1732",1.4944365948293
"Wave_1733",0.294662320940681
"Wave_1734",-0.852253227137522
"Wave_1735",-2.15761621266424
"Wave_1736",-4.104745668832
"Wave_1737",-4.73968313488181
"Wave_1738",-4.06794976825821
"Wave_1739",-4.65276603737676
"Wave_1740",-5.28819992405958
"Wave_1741",-4.96610733073544
"Wave_1742",-5.98877020094127
"Wave_1743",-6.68861851759923
"Wave_1744",-6.43487753692253
"Wave_1745",-5.82148557805335
"Wave_1746",-5.36345908431466
"Wave_1747",-4.55954609816933
"Wave_1748",-3.10955688751866
"Wave_1749",-2.76785525601628
"Wave_1750",-1.99027550450479
"Wave_1751",-1.19588048649212
"Wave_1752",-0.714877871205531
"Wave_1753",0.0826103772597512
"Wave_1754",0.465500284751982
"Wave_1755",1.55857963946392
"Wave_1756",3.96464190682328
"Wave_1757",5.16416968062719
"Wave_1758",5.30015010541705
"Wave_1759",5.40208376373759
"Wave_1760",6.11846224473082
"Wave_1761",6.99650292525298
"Wave_1762",8.09736990109434
"Wave_1763",9.2035865030672
"Wave_1764",8.96795390638317
"Wave_1765",9.17882546854651
"Wave_1766",10.5735885472303
"Wave_1767",11.5372933721122
"Wave_1768",12.522758450398
"Wave_1769",12.76077046339
"Wave_1770",12.6749692657235
"Wave_1771",13.117622074084
"Wave_1772",13.1886566759682
"Wave_1773",13.4725271107294
"Wave_1774",14.0858221314231
"Wave_1775",14.2740441652236
"Wave_1776",14.6349578489467
"Wave_1777",15.5144348005434
"Wave_1778",16.0906461678935
"Wave_1779",16.1595882914823
"Wave_1780",16.2287070602224
"Wave_1781",16.1918255623623
"Wave_1782",16.7055746375926
"Wave_1783",17.3480722246119
"Wave_1784",17.5043129365002
"Wave_1785",16.9933625287233
"Wave_1786",16.7702088422033
"Wave_1787",16.7280156182237
"Wave_1788",17.3260857339285
"Wave_1789",18.4332494237784
"Wave_1790",18.3506614270021
"Wave_1791",18.0586622901875
"Wave_1792",18.4395632931831
"Wave_1793",18.4168495996139
"Wave_1794",18.7555803660061
"Wave_1795",19.6396788396979
"Wave_1796",19.7765702299865
"Wave_1797",21.0523490003214
"Wave_1798",22.0939891511469
"Wave_1799",22.2901379425208
"Wave_1800",22.179605748883
"Wave_1801",22.2908270266262
"Wave_1802",22.5014695028585
"Wave_1803",20.9194384349523
"Wave_1804",23.1696449038951
"Wave_1805",25.3562020658012
"Wave_1806",28.5834603312211
"Wave_1807",28.8761425206381
"Wave_1808",31.3149512655603
"Wave_1809",33.3015073826524
"Wave_1810",30.0150811740701
"Wave_1811",29.2867791575357
"Wave_1812",31.005354465033
"Wave_1813",30.7218494354431
"Wave_1814",32.2360856545348
"Wave_1815",32.4215735866985
"Wave_1816",34.1812687116004
"Wave_1817",34.1828182473608
"Wave_1818",34.0740809729199
"Wave_1819",32.263235150162
"Wave_1820",31.4619929723464
"Wave_1821",32.580039144234
"Wave_1822",33.6506563982139
"Wave_1823",34.4355571518506
"Wave_1824",35.602838850021
"Wave_1825",37.6532332519287
"Wave_1826",37.0848225713233
"Wave_1827",34.76488596727
"Wave_1828",33.3512204686881
"Wave_1829",32.1371774274808
"Wave_1830",32.7287251757575
"Wave_1831",37.4770694664527
"Wave_1832",37.9831576342621
"Wave_1833",37.3204933833472
"Wave_1834",34.536504743344
"Wave_1835",32.8839231198503
"Wave_1836",33.3831995754557
"Wave_1837",34.1933708593441
"Wave_1838",35.9099678036758
"Wave_1839",38.9085427798556
"Wave_1840",39.3285194410451
"Wave_1841",39.1935570176449
"Wave_1842",39.3515626413781
"Wave_1843",41.2088481771991
"Wave_1844",41.8034831453087
"Wave_1845",41.620450227736
"Wave_1846",41.0513909291158
"Wave_1847",39.6957382436773
"Wave_1848",37.8619940575231
"Wave_1849",37.4950317548482
"Wave_1850",37.9182691822188
"Wave_1851",39.1607478604527
"Wave_1852",38.4340286080162
"Wave_1853",36.104324800475
"Wave_1854",36.7331643749864
"Wave_1855",36.7711280428188
"Wave_1856",35.5959687971177
"Wave_1857",34.6873985387102
"Wave_1858",35.0021492789014
"Wave_1859",31.6821647769362
"Wave_1860",26.9171655083887
"Wave_1861",24.7231642687058
"Wave_1862",24.1485724448093
"Wave_1863",21.428786065902
"Wave_1864",19.0373391803188
"Wave_1865",17.7465534840147
"Wave_1866",14.455052587124
"Wave_1867",10.172979909686
"Wave_1868",6.40709201205463
"Wave_1869",2.37112513615324
"Wave_1870",-2.6989988100953
"Wave_1871",-8.78815370576874
"Wave_1872",-14.3367929490134
"Wave_1873",-17.6094417377013
"Wave_1874",-22.3579109631971
"Wave_1875",-26.1087315404111
"Wave_1876",-30.4634081791631
"Wave_1877",-34.5288528988793
"Wave_1878",-37.7062974554056
"Wave_1879",-41.439588302126
"Wave_1880",-43.8160898908503
"Wave_1881",-46.3104820165959
"Wave_1882",-50.3564587070294
"Wave_1883",-53.7502469175797
"Wave_1884",-52.7722269449466
"Wave_1885",-51.7568365212662
"Wave_1886",-52.4889462320497
"Wave_1887",-53.4666927004872
"Wave_1888",-53.7729537464171
"Wave_1889",-51.7604190299076
"Wave_1890",-49.6531997688971
"Wave_1891",-44.3685733177904
"Wave_1892",-38.9467484845034
"Wave_1893",-36.3750662400046
"Wave_1894",-32.4630155579663
"Wave_1895",-26.7806210578218
"Wave_1896",-21.0454526062239
"Wave_1897",-15.5089495371075
"Wave_1898",-9.06959068575511
"Wave_1899",-3.3278620234331
"Wave_1900",0.194296051951567
"Wave_1901",5.23516544576543
"Wave_1902",9.68659426311969
"Wave_1903",13.9929447876909
"Wave_1904",17.7785689211469
"Wave_1905",22.7038978282068
"Wave_1906",27.9581027764842
"Wave_1907",32.6135489477039
"Wave_1908",36.5098047357208
"Wave_1909",40.2596755417924
"Wave_1910",43.028871057275
"Wave_1911",44.1151641546471
"Wave_1912",47.1865639976058
"Wave_1913",51.0817616800725
"Wave_1914",52.3736517219544
"Wave_1915",53.4084325954593
"Wave_1916",55.811720793301
"Wave_1917",57.9340321545829
"Wave_1918",59.2588842366972
"Wave_1919",61.6682792998245
"Wave_1920",65.3173137148935
"Wave_1921",66.7086441361135
"Wave_1922",65.9306561786314
"Wave_1923",65.8644357197431
"Wave_1924",66.5836068086526
"Wave_1925",66.5543862287557
"Wave_1926",65.9759190915257
"Wave_1927",65.403441590874
"Wave_1928",63.5661558655154
"Wave_1929",63.0803387128599
"Wave_1930",63.9394174093447
"Wave_1931",64.7769968158884
"Wave_1932",66.3447519311836
"Wave_1933",67.6872967964051
"Wave_1934",66.8765418920738
"Wave_1935",65.7653246308481
"Wave_1936",66.1084140013762
"Wave_1937",66.097818253515
"Wave_1938",64.4129447989682
"Wave_1939",62.8593090587572
"Wave_1940",62.9317840747929
"Wave_1941",63.2845001942292
"Wave_1942",62.7538794339877
"Wave_1943",62.2172304585835
"Wave_1944",61.8007107759205
"Wave_1945",60.457887857333
"Wave_1946",58.9211029366323
"Wave_1947",59.0009106981852
"Wave_1948",59.7835129315733
"Wave_1949",58.8778061475505
"Wave_1950",56.0902436051031
"Wave_1951",54.0980383461325
"Wave_1952",54.0382380049838
"Wave_1953",53.6138463124785
"Wave_1954",52.6121819534587
"Wave_1955",52.2892167144396
"Wave_1956",52.9668974141782
"Wave_1957",51.6620270329641
"Wave_1958",48.0028586543582
"Wave_1959",46.2325008459245
"Wave_1960",46.0244786601409
"Wave_1961",44.0076121099343
"Wave_1962",43.8270953311377
"Wave_1963",42.5259636288271
"Wave_1964",40.3185381542864
"Wave_1965",39.9731593656315
"Wave_1966",41.6005310056894
"Wave_1967",40.2033922044807
"Wave_1968",38.6375213091431
"Wave_1969",36.8001191534544
"Wave_1970",33.6225376903697
"Wave_1971",32.3565774820963
"Wave_1972",33.7595782457451
"Wave_1973",33.6274962164924
"Wave_1974",30.7708259623658
"Wave_1975",28.0758663104299
"Wave_1976",27.7144487558333
"Wave_1977",27.2236570555688
"Wave_1978",25.8957345073114
"Wave_1979",25.7085317963829
"Wave_1980",25.1283335722208
"Wave_1981",23.1101176437974
"Wave_1982",20.6385603068488
"Wave_1983",19.6513238100197
"Wave_1984",19.248664530908
"Wave_1985",17.9332373004514
"Wave_1986",16.594848638605
"Wave_1987",15.3466090282532
"Wave_1988",15.4761711396462
"Wave_1989",16.8682519869663
"Wave_1990",17.8557709484943
"Wave_1991",17.9035269777504
"Wave_1992",17.7245056675829
"Wave_1993",14.6239553081206
"Wave_1994",12.1701157191247
"Wave_1995",11.132262892166
"Wave_1996",10.1303789077626
"Wave_1997",11.587209309468
"Wave_1998",12.4962323380542
"Wave_1999",10.6420924293116
"Wave_2000",10.2769776725377
"Wave_2001",10.5907126243647
"Wave_2002",9.25594987571906
"Wave_2003",7.26054055521396
"Wave_2004",5.7779868751472
"Wave_2005",4.08853197220884
"Wave_2006",2.94333400616649
"Wave_2007",3.02923158282236
"Wave_2008",2.3857950080918
"Wave_2009",3.26250995246921
"Wave_2010",3.34686538366384
"Wave_2011",2.31586530706187
"Wave_2012",1.70990061563244
"Wave_2013",2.20080262551058
"Wave_2014",3.95491064247001
"Wave_2015",3.1942262640936
"Wave_2016",2.16228708407201
"Wave_2017",1.75367664450829
"Wave_2018",2.56053857845043
"Wave_2019",1.91786651902739
"Wave_2020",1.05202618334271
"Wave_2021",3.46612364125376
"Wave_2022",5.33288472047032
"Wave_2023",4.34608144241856
"Wave_2024",2.33873316211199
"Wave_2025",2.06510042128982
"Wave_2026",1.54902871985279
"Wave_2027",0.597271188342123
"Wave_2028",1.10298971053552
"Wave_2029",3.31433020611431
"Wave_2030",2.9624587176523
"Wave_2031",0.0316482682023743
"Wave_2032",0.0807652737716117
"Wave_2033",2.1795543556556
"Wave_2034",1.76983573447201
"Wave_2035",0.310914510301474
"Wave_2036",-1.24062099857708
"Wave_2037",-2.21070899181292
"Wave_2038",-3.17622802447192
"Wave_2039",-3.19405389525695
"Wave_2040",-1.38463505907752
"Wave_2041",-0.916638718144679
"Wave_2042",-2.13530904199861
"Wave_2043",-4.19143059005528
"Wave_2044",-4.37828284910431
"Wave_2045",-4.29840449917236
"Wave_2046",-4.76143999272017
"Wave_2047",-4.5476503565512
"Wave_2048",-3.63691986430776
"Wave_2049",-4.77100450827364
"Wave_2050",-7.53334657434215
"Wave_2051",-8.56865351675818
"Wave_2052",-5.79026862079168
"Wave_2053",-3.35757851228542
"Wave_2054",-2.41674724220367
"Wave_2055",-4.38627785168603
"Wave_2056",-3.98058158841331
"Wave_2057",-3.23885973165634
"Wave_2058",-3.60121325959217
"Wave_2059",-1.68151025940216
"Wave_2060",-0.2433067968806
"Wave_2061",-2.13653709419302
"Wave_2062",-2.58641516350056
"Wave_2063",-1.48347279092464
"Wave_2064",-0.737848770538234
"Wave_2065",2.70476911435387
"Wave_2066",4.29934924385761
"Wave_2067",3.19512091989773
"Wave_2068",3.78577049239261
"Wave_2069",4.06310415584256
"Wave_2070",3.19995191462143
"Wave_2071",5.5123310439586
"Wave_2072",7.85420216291831
"Wave_2073",6.3864107268354
"Wave_2074",5.59659034276179
"Wave_2075",6.7245442498517
"Wave_2076",8.64994546592592
"Wave_2077",8.81485755950185
"Wave_2078",10.023960033861
"Wave_2079",12.7527584577251
"Wave_2080",12.0836581103484
"Wave_2081",10.2608893295649
"Wave_2082",11.5192987185805
"Wave_2083",12.5643701460767
"Wave_2084",11.1050612445457
"Wave_2085",10.408562649077
"Wave_2086",10.3312459431731
"Wave_2087",11.4647975220702
"Wave_2088",13.4851850723974
"Wave_2089",13.9209795904863
"Wave_2090",14.8355545034291
"Wave_2091",15.5317988882319
"Wave_2092",14.7843400678895
"Wave_2093",10.8545146389661
"Wave_2094",11.3932144510636
"Wave_2095",13.9631324273036
"Wave_2096",13.3135531028726
"Wave_2097",14.9411209692546
"Wave_2098",17.9913483192554
"Wave_2099",19.4762307471629
"Wave_2100",21.3965501077355
"Wave_2101",21.8404658363974
"Wave_2102",21.5024368501945
"Wave_2103",21.1196574902928
"Wave_2104",20.8625083771368
"Wave_2105",18.5932042040729
"Wave_2106",17.7699022575085
"Wave_2107",19.1693572786038
"Wave_2108",19.4342159091288
"Wave_2109",19.0843979639963
"Wave_2110",19.0266994574612
"Wave_2111",18.5006360892791
"Wave_2112",17.9348653748478
"Wave_2113",18.7835379941101
"Wave_2114",20.767114284404
"Wave_2115",21.1224858025492
"Wave_2116",19.830151304979
"Wave_2117",16.5075656355674
"Wave_2118",14.4727983932501
"Wave_2119",15.574184774423
"Wave_2120",18.182187571131
"Wave_2121",19.89145066995
"Wave_2122",22.4501339003318
"Wave_2123",21.1358445900349
"Wave_2124",19.6572546362114
"Wave_2125",18.4424410821341
"Wave_2126",18.8120109607661
"Wave_2127",20.1218084989024
"Wave_2128",20.945741008941
"Wave_2129",19.3147122070501
"Wave_2130",17.9597736086883
"Wave_2131",17.888587298401
"Wave_2132",16.5288454345762
"Wave_2133",15.1977933898378
"Wave_2134",14.1431896031317
"Wave_2135",13.0075671669146
"Wave_2136",14.170299637296
"Wave_2137",13.9487536628674
"Wave_2138",14.1004357229315
"Wave_2139",12.5491948920357
"Wave_2140",9.09498189869822
"Wave_2141",8.14603546474163
"Wave_2142",7.29684998463569
"Wave_2143",6.55020286969181
"Wave_2144",7.90959254588908
"Wave_2145",7.41739277126593
"Wave_2146",3.30822976975291
"Wave_2147",0.8823428935989
"Wave_2148",1.42850579583604
"Wave_2149",0.067505322515959
"Wave_2150",-0.605384003731809
"Wave_2151",-0.0943932285584813
"Wave_2152",-2.94224605148886
"Wave_2153",-4.89283640606567
"Wave_2154",-5.37607725764422
"Wave_2155",-7.70246599486651
"Wave_2156",-7.33439892518087
"Wave_2157",-8.11377992146017
"Wave_2158",-12.4785347188847
"Wave_2159",-14.9516711583705
"Wave_2160",-16.3190191104667
"Wave_2161",-19.8403647653076
"Wave_2162",-21.4086861066397
"Wave_2163",-20.2378275448253
"Wave_2164",-20.7817754791772
"Wave_2165",-23.5306099570205
"Wave_2166",-24.070614172375
"Wave_2167",-24.9133832120507
"Wave_2168",-27.5146587548219
"Wave_2169",-28.1901708743466
"Wave_2170",-28.7906459710102
"Wave_2171",-32.0389711117323
"Wave_2172",-32.3903879406022
"Wave_2173",-30.8130046207476
"Wave_2174",-30.3206330295762
"Wave_2175",-31.0349495670397
"Wave_2176",-31.7045332395663
"Wave_2177",-30.1326810134614
"Wave_2178",-29.2910109473959
"Wave_2179",-28.7601734251863
"Wave_2180",-27.1135671314591
"Wave_2181",-26.8647726166634
"Wave_2182",-29.7372483200283
"Wave_2183",-29.8460037271922
"Wave_2184",-29.1244942677576
"Wave_2185",-28.1718910162188
"Wave_2186",-28.2262353624381
"Wave_2187",-29.5329964215152
"Wave_2188",-29.9046130751884
"Wave_2189",-27.1921736309379
"Wave_2190",-22.3777246744958
"Wave_2191",-19.3873454821852
"Wave_2192",-18.5674944688148
"Wave_2193",-20.1481730103197
"Wave_2194",-20.5246151656699
"Wave_2195",-19.167278274321
"Wave_2196",-17.4766374050119
"Wave_2197",-13.674209644986
"Wave_2198",-13.0498497989646
"Wave_2199",-13.725419677697
"Wave_2200",-13.1676805882562
"Wave_2201",-13.0172684371938
"Wave_2202",-12.1007096918574
"Wave_2203",-10.3705096173071
"Wave_2204",-8.98597586744431
"Wave_2205",-7.89915190615387
"Wave_2206",-6.52406362379538
"Wave_2207",-7.8634416577369
"Wave_2208",-8.20325784591304
"Wave_2209",-7.58802792330616
"Wave_2210",-7.39095032315586
"Wave_2211",-5.76780993186812
"Wave_2212",-3.21951451865705
"Wave_2213",-1.99799066219927
"Wave_2214",-1.45281513392287
"Wave_2215",-0.998558748286538
"Wave_2216",-3.57799639488518
"Wave_2217",-6.17751110134816
"Wave_2218",-5.84342375637458
"Wave_2219",-5.42581823835618
"Wave_2220",-3.64185206314018
"Wave_2221",-2.97859593891323
"Wave_2222",-2.0274952110545
"Wave_2223",-2.60349114870128
"Wave_2224",-3.24749166656977
"Wave_2225",-0.814214447551869
"Wave_2226",0.510048105090674
"Wave_2227",-0.621551750294087
"Wave_2228",0.478995709430919
"Wave_2229",2.68150057852974
"Wave_2230",0.0831764940143367
"Wave_2231",0.0171717816854089
"Wave_2232",5.26124783130981
"Wave_2233",4.49833457933282
"Wave_2234",2.08338327380211
"Wave_2235",3.86205477575074
"Wave_2236",5.92426460714851
"Wave_2237",4.50314412205072
"Wave_2238",0.792214534587772
"Wave_2239",1.77680350701411
"Wave_2240",1.38275816337818
"Wave_2241",-2.07632168648605
"Wave_2242",2.47143864623282
"Wave_2243",6.46140643738868
"Wave_2244",4.20798865987722
"Wave_2245",4.87354115556098
"Wave_2246",6.22706559937424
"Wave_2247",1.33663479531011
"Wave_2248",-3.44979886585053
"Wave_2249",-7.00621203092758
"Wave_2250",-10.8286931778465
"Wave_2251",-10.9545542674554
"Wave_2252",-9.38551885087642
"Wave_2253",-11.8990138847302
"Wave_2254",-13.0319491962662
"Wave_2255",-12.9484534772396
"Wave_2256",-16.537372302628
"Wave_2257",-19.1678846418761
"Wave_2258",-19.8142541099359
"Wave_2259",-19.1954832328533
"Wave_2260",-19.0000340252033
"Wave_2261",-22.0091482789747
"Wave_2262",-25.9002574058499
"Wave_2263",-30.2202860012124
"Wave_2264",-34.7985986750765
"Wave_2265",-36.304755329289
"Wave_2266",-36.7361920210938
"Wave_2267",-39.1769316992789
"Wave_2268",-44.4138156614048
"Wave_2269",-49.2748933049148
"Wave_2270",-51.3356212963159
"Wave_2271",-51.8680838434803
"Wave_2272",-51.1769802129884
"Wave_2273",-51.2101329657722
"Wave_2274",-53.4029795022478
"Wave_2275",-55.4760420913248
"Wave_2276",-58.6304650943129
"Wave_2277",-57.7504291902675
"Wave_2278",-57.4224711825218
"Wave_2279",-60.2304669488612
"Wave_2280",-60.9648597620443
"Wave_2281",-60.8557987839762
"Wave_2282",-63.3069694308999
"Wave_2283",-68.237407773908
"Wave_2284",-68.9203498243974
"Wave_2285",-66.3315188027576
"Wave_2286",-63.6153456606471
"Wave_2287",-61.8234309831117
"Wave_2288",-62.2551626935997
"Wave_2289",-63.8040019483111
"Wave_2290",-68.2925910511239
"Wave_2291",-69.211040910325
"Wave_2292",-66.265168041371
"Wave_2293",-62.091221267694
"Wave_2294",-62.8655923705551
"Wave_2295",-60.711996745336
"Wave_2296",-51.5418500896033
"Wave_2297",-46.1064231763735
"Wave_2298",-47.1626806599435
"Wave_2299",-50.1652687684745
"Wave_2300",-53.4753422760702
"Wave_2301",-53.7100468740229
"Wave_2302",-51.5996725219274
"Wave_2303",-47.7510726824878
"Wave_2304",-44.0620793045703
"Wave_2305",-45.0397656175694
"Wave_2306",-47.8891479037941
"Wave_2307",-49.1708506767853
"Wave_2308",-49.1547173899886
"Wave_2309",-48.1662995706117
"Wave_2310",-45.0774246323411
"Wave_2311",-44.423041033342
"Wave_2312",-46.1292239600397
"Wave_2313",-42.1797899534067
"Wave_2314",-38.314900039038
"Wave_2315",-38.1652595212265
"Wave_2316",-41.3744282275232
"Wave_2317",-44.698752558197
"Wave_2318",-44.6230136315093
"Wave_2319",-41.8323051988847
"Wave_2320",-39.2243485772546
"Wave_2321",-38.6932481480188
"Wave_2322",-39.6742274753097
"Wave_2323",-39.556042207648
"Wave_2324",-35.0499121345825
"Wave_2325",-27.9242660887052
"Wave_2326",-26.5430862643726
"Wave_2327",-28.9578118321996
"Wave_2328",-28.7203105396034
"Wave_2329",-28.8423934621363
"Wave_2330",-29.1717972033656
"Wave_2331",-31.3205990571043
"Wave_2332",-33.0093288716811
"Wave_2333",-38.3448383075629
"Wave_2334",-35.8432309600428
"Wave_2335",-31.9777842417623
"Wave_2336",-32.0977135588088
"Wave_2337",-27.6781550424634
"Wave_2338",-27.2845307755864
"Wave_2339",-30.6283906122875
"Wave_2340",-27.9060353204838
"Wave_2341",-25.6129892072033
"Wave_2342",-30.0443406851575
"Wave_2343",-30.5986756116921
"Wave_2344",-24.7299577661652
"Wave_2345",-23.7979563757722
"Wave_2346",-21.8899873706013
"Wave_2347",-15.0324415718098
"Wave_2348",-14.6964882762057
"Wave_2349",-16.3832246608166
"Wave_2350",-14.6407646054903
"Wave_2351",-14.0338770309672
"Wave_2352",-16.8985633229551
"Wave_2353",-20.396384069346
"Wave_2354",-18.9650734455277
"Wave_2355",-16.5394930427044
"Wave_2356",-16.4976960219596
"Wave_2357",-18.208241478324
"Wave_2358",-19.6755075794434
"Wave_2359",-17.7583395755289
"Wave_2360",-17.1640318955619
"Wave_2361",-18.6006825565148
"Wave_2362",-15.8523370426876
"Wave_2363",-15.2913701331037
"Wave_2364",-16.9492122935827
"Wave_2365",-14.0642006881968
"Wave_2366",-13.0492603293951
"Wave_2367",-13.9322314581483
"Wave_2368",-18.7480855654228
"Wave_2369",-23.5816958132063
"Wave_2370",-21.1797113948859
"Wave_2371",-20.8707001711053
"Wave_2372",-19.0084512011108
"Wave_2373",-17.7921540543294
"Wave_2374",-26.434971416334
"Wave_2375",-31.2200735827005
"Wave_2376",-27.1778448841743
"Wave_2377",-27.7195090452491
"Wave_2378",-29.0178815324841
"Wave_2379",-23.1016185868569
"Wave_2380",-25.1641633536183
"Wave_2381",-26.988892421082
"Wave_2382",-22.472412582417
"Wave_2383",-23.3856158349714
"Wave_2384",-26.3089926802212
"Wave_2385",-25.5597615039593
"Wave_2386",-21.5857717574265
"Wave_2387",-15.0908650910632
"Wave_2388",-14.0538431725185
"Wave_2389",-15.1178004244432
"Wave_2390",-8.58478768170534
"Wave_2391",-6.92229002091825
"Wave_2392",-11.2916810040479
"Wave_2393",-15.3665683368157
"Wave_2394",-21.0946028070554
"Wave_2395",-24.9057619058062
"Wave_2396",-27.336967903948
"Wave_2397",-24.2152596628721
"Wave_2398",-24.8931618918387
"Wave_2399",-31.8058231633198
"Wave_2400",-29.5211364583468
